[{"id":"1","nombre":"PALACIO ITURREGUI","direccion":"Jr. Pizarro N\u00ba 668, Centro Hist\u00f3rico de Trujillo","latitud":"-8.1167523","longitud":"-79.0196156","telefono":"(044) 234212","horario_atencion":"Lunes a viernes de 8:00 am. a 10:00 a.m.","pagina_web":"","correo":"","facebook":"http:\/\/facebook.com","twitter":"https:\/\/twitter.com\/","instagram":"https:\/\/www.instagram.com\/","historia":"Es la casa m\u00e1s fastuosa y bella de todas las mansiones de Trujillo rep\u00fablicano. Fue proyectada y edificada por el General Don Jos\u00e9 Manuel Iturregui en el siglo XIX. \r\nEs una de las pocas casas de dos plantas de estilo neocl\u00e1sico de la ciudad, fue construida a mediados del siglo XIX por el pr\u00f3cer de la emancipaci\u00f3n peruana General Don Juan Manuel de Iturregui y Aguilarte, acaudalado comerciante lambayecano. \r\nSu fachada muestra columnas adosadas y hermosos ventanales en ambas plantas, en su momento fue considerada una de las casonas m\u00e1s elegantes de Trujillo y es la m\u00e1s bella de todas las casas republicanas de estilo neocl\u00e1sico en donde se puede observar las caracter\u00edsticas m\u00e1s notables de la arquitectura de ese tiempo. En su construcci\u00f3n y decoraci\u00f3n no se escatim\u00f3 nada que el dinero pudiera comprar, se trajeron obreros y artistas de Italia y Francia.\r\nActualmente es sede del prestigioso Club Central de Trujillo.","categoria":"2","tipo_sitio":"1","tipo_ingreso":"1","sello_turistico":"0","estado":"1","foto_principal":"http:\/\/testing.sminnova.com\/portada.png","fecha_registro":"2018-01-01","usuario_creacion":"1","fecha_modificacion":"2018-01-01","usuario_modificacion":"1"},{"id":"2","nombre":"MUSEO DE ARQUEOLOG\u00cdA, ANTROPOLOG\u00cdA E HISTORIA DE LA UNIVERSIDAD NACIONAL DE TRUJILLO","direccion":"Jr. Jun\u00edn N\u00ba 682, Centro Hist\u00f3rico de Trujillo","latitud":"-8.1167523","longitud":"-79.0196156","telefono":"(044) 474850","horario_atencion":"Lunes de 9:00 a.m. a 2:30 p.m. \/ Martes a s\u00e1bados de 9:00 a.m. a 4:30 p.m.","pagina_web":"","correo":"museoarqueologiaunt@gmail.com","facebook":"http:\/\/facebook.com","twitter":"https:\/\/twitter.com\/","instagram":"https:\/\/www.instagram.com\/","historia":"Este museo arqueol\u00f3gico inicio sus actividades desde enero del a\u00f1o 1971; a partir de entonces ofrece al p\u00fablico visitante una visi\u00f3n del panorama arqueol\u00f3gico del Per\u00fa, y particularmente de la costa norte, desde la Cultura Chav\u00edn(1500 A.C.) hasta la cultura Inca(1532). Est\u00e1 ubicado en la Casa Risco, brindando relaci\u00f3n arm\u00f3nica entre la museograf\u00eda y la arquitectura preexistente de la casona, lo que se manifiesta en el dise\u00f1o y distribuci\u00f3n de los m\u00f3dulos de exposici\u00f3n, sistemas de iluminaci\u00f3n, entre otros aspectos. \r\nEn este museo se exhibe una selecta colecci\u00f3n de valiosos ceramios, orfebrer\u00eda de oro y plata, tejidos y otras piezas arqueol\u00f3gicas de las culturas Chav\u00edn, Moche, Chim\u00fa, Recuay, etc., resaltando los famosos huacos-retratos.","categoria":"2","tipo_sitio":"1","tipo_ingreso":"1","sello_turistico":"0","estado":"1","foto_principal":"http:\/\/testing.sminnova.com\/portada.png","fecha_registro":"2018-01-01","usuario_creacion":"1","fecha_modificacion":"2018-01-01","usuario_modificacion":"1"},{"id":"3","nombre":"MUSEO CATEDRALICIO","direccion":"Intersecci\u00f3n de los jirones Orbegoso e Independencia, Centro Hist\u00f3rico de Trujillo","latitud":"-8.1167523","longitud":"-79.0196156","telefono":"(044) 231474","horario_atencion":"Lunes a viernes de 9:00 a.m. a 1:00 p.m. y de 4:00 p.m. a 7:00 p.m. \/ S\u00e1bados de 9:00 a.m. a 1:00 p.m.","pagina_web":"","correo":"","facebook":"http:\/\/facebook.com","twitter":"https:\/\/twitter.com\/","instagram":"https:\/\/www.instagram.com\/","historia":"Se cre\u00f3 el 29 de diciembre de 1987. Su misi\u00f3n es destacar la evoluci\u00f3n e historia de la Catedral, cuenta con obras religiosas de la \u00e9poca virreinal en oro y plata. Conserva objetos vinculados a la liturgia, tallas y pinturas del per\u00edodo colonial. Las salas del Museo Eclesi\u00e1sticos ocupan lo que anteriormente era el sal\u00f3n de diezmos y coartudiria y la b\u00f3veda subterr\u00e1nea, hoy en d\u00eda en esos lugares se exponen lienzos, esculturas, vestimentas sacerdotales y diversas piezas religiosas.","categoria":"2","tipo_sitio":"1","tipo_ingreso":"1","sello_turistico":"0","estado":"1","foto_principal":"http:\/\/testing.sminnova.com\/portada.png","fecha_registro":"2018-01-01","usuario_creacion":"1","fecha_modificacion":"2018-01-01","usuario_modificacion":"1"},{"id":"4","nombre":"MUSEO DEL JUGUETE","direccion":"Jr. Independencia N\u00b0 705, Centro Hist\u00f3rico de Trujillo","latitud":"-8.1167523","longitud":"-79.0196156","telefono":"(044) 208181","horario_atencion":"Mi\u00e9rcoles a lunes de 10:00 a.m. a 6:00 p.m. \/ Domingos de 10:00 a.m. a 1:00 p.m.","pagina_web":"","correo":"museodeljugueteperu@gmail.com","facebook":"http:\/\/facebook.com","twitter":"https:\/\/twitter.com\/","instagram":"https:\/\/www.instagram.com\/","historia":"Este museo es el primero de su tipo en toda Am\u00e9rica Latina y el \u00fanico en el Per\u00fa, exhibe aproximadamente 130 juguetes de diferentes lugares del mundo y su objetivo es dar a conocer la transformaci\u00f3n y evoluci\u00f3n que experimenta el juguete como una expresi\u00f3n cultural con relaci\u00f3n al tiempo y al espacio.\r\nEl inmueble fue comprado, rescatado de las ruinas y rebautizado como Espacio Cultural \u00c1ngel Mira, por el artista pl\u00e1stico Gerardo Ch\u00e1vez en un homenaje personal a su desaparecido hermano, quien, despu\u00e9s de muchos a\u00f1os de coleccionar juguetes, ya sea adquiridos en sus m\u00faltiples viajes o recibidos de manos de amigos y conocidos decidi\u00f3 crear este espacio.","categoria":"2","tipo_sitio":"1","tipo_ingreso":"1","sello_turistico":"0","estado":"1","foto_principal":"http:\/\/testing.sminnova.com\/portada.png","fecha_registro":"2018-01-01","usuario_creacion":"1","fecha_modificacion":"2018-01-01","usuario_modificacion":"1"},{"id":"5","nombre":"CENTRO CULTURAL CONSTANTE TRAVERSO","direccion":"Jr. Independencia N\u00ba 325, Centro Hist\u00f3rico de Trujillo","latitud":"-8.1167523","longitud":"-79.0196156","telefono":"(044) 233061","horario_atencion":"","pagina_web":"","correo":"centroculturalctl@gmail.com ","facebook":"http:\/\/facebook.com","twitter":"https:\/\/twitter.com\/","instagram":"https:\/\/www.instagram.com\/","historia":"Es un espacio de reuni\u00f3n de artistas y empresarios donde adem\u00e1s se realizan diversas exposiciones y muestras culturales temporales.","categoria":"2","tipo_sitio":"1","tipo_ingreso":"1","sello_turistico":"0","estado":"1","foto_principal":"http:\/\/testing.sminnova.com\/portada.png","fecha_registro":"2018-01-01","usuario_creacion":"1","fecha_modificacion":"2018-01-01","usuario_modificacion":"1"},{"id":"6","nombre":"MUSEO ARQUEOL\u00d3GICO MUNICIPAL MOCHE","direccion":"Bolognesi N\u00b0 359, Distrito de Moche","latitud":"-8.1167523","longitud":"-79.0196156","telefono":"(044) 465471 an","horario_atencion":"Lunes a viernes de 8:00 a.m. a 1:00 p.m. y de 2:00 p.m. a 4:45 p.m. \/ Domingos de 2:00 p.m. a 5:00 p.m.","pagina_web":"","correo":"","facebook":"http:\/\/facebook.com","twitter":"https:\/\/twitter.com\/","instagram":"https:\/\/www.instagram.com\/","historia":"Este museo exhibe m\u00e1s de 500 cer\u00e1micas originales de la colecci\u00f3n privada del Sr. Jos\u00e9 Cassinelli Mazzei.\r\nEl museo muestra el desarrollo cronol\u00f3gico de las m\u00e1s destacadas culturas del Per\u00fa: Chav\u00edn, Salinar, Vir\u00fa, Moche, Nazca, Wari, Lambayeque, Chim\u00fa e Inca, destacando los ceramios de la Cultura Moche.\r\nAdem\u00e1s presenta una amplia sala de exposici\u00f3n con excelente iluminaci\u00f3n y ambiente agradable.","categoria":"2","tipo_sitio":"1","tipo_ingreso":"1","sello_turistico":"0","estado":"1","foto_principal":"http:\/\/testing.sminnova.com\/portada.png","fecha_registro":"2018-01-01","usuario_creacion":"1","fecha_modificacion":"2018-01-01","usuario_modificacion":"1"},{"id":"7","nombre":"MUSEO HUACAS DE MOCHE","direccion":"Complejo Arqueol\u00f3gico Huacas de Moche, Campi\u00f1a de Moche","latitud":"-8.1167523","longitud":"-79.0196156","telefono":"(44) 221269","horario_atencion":"Todos los d\u00edas de 9:00 a.m. a 4:00 p.m.","pagina_web":"http:\/\/www.huacasdemoche.pe","correo":"huacasdemoche@huacasdemoche.pe","facebook":"http:\/\/facebook.com","twitter":"https:\/\/twitter.com\/","instagram":"https:\/\/www.instagram.com\/","historia":"Exhibe los hallazgos notables del Proyecto Arqueol\u00f3gico Huaca de la Luna y promueve la difusi\u00f3n de los conocimientos adquiridos sobre el sitio, como el centro principal de la sociedad Moche.","categoria":"2","tipo_sitio":"1","tipo_ingreso":"1","sello_turistico":"0","estado":"1","foto_principal":"http:\/\/testing.sminnova.com\/portada.png","fecha_registro":"2018-01-01","usuario_creacion":"1","fecha_modificacion":"2018-01-01","usuario_modificacion":"1"},{"id":"8","nombre":"MUSEO DE SITIO CHAN CHAN","direccion":"Av. Chan Chan s\/n Carretera a Huanchaco","latitud":"-8.1167523","longitud":"-79.0196156","telefono":"(044) 227705","horario_atencion":"Martes a domingos de 9:00 a.m. a 4:00 p.m.","pagina_web":"http:\/\/chanchan.gob.pe","correo":"","facebook":"http:\/\/facebook.com","twitter":"https:\/\/twitter.com\/","instagram":"https:\/\/www.instagram.com\/","historia":"Se exhiben diversos objetos originales encontrados en Chan Chan, entre \u00eddolos de madera, cer\u00e1mica, textiles, trabajos en metal y materiales de construcci\u00f3n (adobes, sogas, vigas).","categoria":"2","tipo_sitio":"1","tipo_ingreso":"1","sello_turistico":"0","estado":"1","foto_principal":"http:\/\/testing.sminnova.com\/portada.png","fecha_registro":"2018-01-01","usuario_creacion":"1","fecha_modificacion":"2018-01-01","usuario_modificacion":"1"},{"id":"9","nombre":"MUSEO DE CAO","direccion":"Distrito de Magdalena de Cao, Provincia de Ascope","latitud":"-8.1167523","longitud":"-79.0196156","telefono":"990 303 730 \/ 9","horario_atencion":"Todos los d\u00edas de 9:00 a.m. a 5:00 p.m.","pagina_web":"https:\/\/www.elbrujo.pe","correo":"info@elbrujo.pe","facebook":"http:\/\/facebook.com","twitter":"https:\/\/twitter.com\/","instagram":"https:\/\/www.instagram.com\/","historia":"Los asombrosos hallazgos y el conocimiento que se ha adquirido gracias al proyecto son exhibidos en este museo, en el cual el visitante se sumerge en la historia de este fascinante valle que ha albergado al ser humano en su paso desde la era arcaica hasta nuestros d\u00edas. Alberga los restos de la a Dama o Se\u00f1ora de Cao, l\u00edder pol\u00edtica y religiosa de la cultura Moche. ","categoria":"2","tipo_sitio":"1","tipo_ingreso":"1","sello_turistico":"0","estado":"1","foto_principal":"http:\/\/testing.sminnova.com\/portada.png","fecha_registro":"2018-01-01","usuario_creacion":"1","fecha_modificacion":"2018-01-01","usuario_modificacion":"1"},{"id":"10","nombre":"ZOOCRIADERO VIDA SALVAJE","direccion":"Carretera a Huanchaco Km. 7.5, Huanchaco","latitud":"-8.1167523","longitud":"-79.0196156","telefono":"935231484","horario_atencion":"Todos los d\u00edas de 8:00 a.m. a 5:00 p.m.","pagina_web":"https:\/\/sites.google.com\/site\/zoocriaderovidasalvaje","correo":"","facebook":"http:\/\/facebook.com","twitter":"https:\/\/twitter.com\/","instagram":"https:\/\/www.instagram.com\/","historia":"Este parque zool\u00f3gico tiene diferentes objetivos, entre los que destacan la conservaci\u00f3n del medioambiente, la lucha contra el contrabando, la sensibilizaci\u00f3n de la poblaci\u00f3n sobre los problemas del contrabando y la conservaci\u00f3n del medioambiente.\r\nLos animales en este zoocriadero son rescatados, curados y cuando su salud se lo permite, son reintroducidos a su lugar de origen por personas autorizadas, en caso contrario, los animales ser\u00e1n ubicados en jaulas adaptadas a sus necesidades espec\u00edficas y reciben todos los cuidados necesarios para su buen desarrollo. Vida Salvaje alberga reptiles, aves, monos y felinos.\r\n","categoria":"6","tipo_sitio":"1","tipo_ingreso":"1","sello_turistico":"0","estado":"1","foto_principal":"http:\/\/testing.sminnova.com\/portada.png","fecha_registro":"2018-01-01","usuario_creacion":"1","fecha_modificacion":"2018-01-01","usuario_modificacion":"1"},{"id":"11","nombre":"JARD\u00cdN DE LOS SENTIDOS","direccion":"Altura km. 3.5 Carretera Industrial a Laredo","latitud":"-8.1167523","longitud":"-79.0196156","telefono":"949963830","horario_atencion":"Lunes a s\u00e1bados de 8:00 a.m. a 12:00 p.m. (previa coordinaci\u00f3n con el Sr. Ra\u00fal Silva)","pagina_web":"","correo":"raulitoper2011@hotmail.com","facebook":"http:\/\/facebook.com","twitter":"https:\/\/twitter.com\/","instagram":"https:\/\/www.instagram.com\/","historia":"Los jardines han sido dise\u00f1ados y sembrados para causar impacto en personas invidentes, diversas fragancias y sensaciones se entremezclan en este espacio natural, las gratas esencias permiten a los visitantes activar elementos mentales propicios para combatir estados de \u00e1nimo negativos como la depresi\u00f3n o la c\u00f3lera.","categoria":"5","tipo_sitio":"1","tipo_ingreso":"1","sello_turistico":"0","estado":"1","foto_principal":"http:\/\/testing.sminnova.com\/portada.png","fecha_registro":"2018-01-01","usuario_creacion":"1","fecha_modificacion":"2018-01-01","usuario_modificacion":"1"},{"id":"12","nombre":"HUACAS DEL SOL DE LA LUNA","direccion":"Al final del camino de la Campi\u00f1a de Moche","latitud":"-8.1167523","longitud":"-79.0196156","telefono":"(44) 221269","horario_atencion":"Todos los d\u00edas de 9:00 a.m. a 4:00 p.m.","pagina_web":"http:\/\/www.huacasdemoche.pe","correo":"huacasdemoche@huacasdemoche.pe","facebook":"http:\/\/facebook.com","twitter":"https:\/\/twitter.com\/","instagram":"https:\/\/www.instagram.com\/","historia":"Pertenecientes a la Cultura Moche, Huaca de la Luna fue un centro ceremonial y es una de las muestras de la tecnolog\u00eda constructiva de tierra que los moches dominaron a la perfecci\u00f3n. Adem\u00e1s de la riqueza iconogr\u00e1fica y complejidad de sus pinturas murales, es un templo donde solo ingresaban personas privilegiadas, ya sea para rendir culto a sus dioses o para ofrendarles su vida.\r\nHuaca de la Luna es una construcci\u00f3n monumental, levantada enteramente con millones de adobes en una secuencia arquitect\u00f3nica de seis templos superpuestos a lo largo de seis siglos de ocupaci\u00f3n.\r\nLas paredes de los patios ceremoniales que presentan relieves pol\u00edcromos (los primeros de este tipo en el valle Moche), fueron descubiertas en octubre de 1990.\r\nDesde el 15 de mayo de 1991, investigadores de la Universidad Nacional de Trujillo, con el apoyo de instituciones como la Fundaci\u00f3n Ford y algunas empresas trujillanas, iniciaron los trabajos en la Huaca de la Luna.\r\nHuaca del Sol, aunque en la actualidad no se encuentra abierta para los visitantes, tuvo gran importancia en su \u00e9poca y fue el centro administrativo de los Moches.","categoria":"1","tipo_sitio":"1","tipo_ingreso":"1","sello_turistico":"0","estado":"1","foto_principal":"http:\/\/testing.sminnova.com\/portada.png","fecha_registro":"2018-01-01","usuario_creacion":"1","fecha_modificacion":"2018-01-01","usuario_modificacion":"1"},{"id":"13","nombre":"CHAN CHAN","direccion":"Carretera camino a Huanchaco","latitud":"-8.1167523","longitud":"-79.0196156","telefono":"(044) 227705","horario_atencion":"Todos los d\u00edas de 9:00 a.m. a 4:00 p.m.","pagina_web":"http:\/\/chanchan.gob.pe","correo":"","facebook":"http:\/\/facebook.com","twitter":"https:\/\/twitter.com\/","instagram":"https:\/\/www.instagram.com\/","historia":"Se ubica en el f\u00e9rtil Valle de Moche, entre el balneario de Huanchaco y la ciudad de Trujillo y est\u00e1 formada por un conjunto de 10 recintos amurallados construidos \u00edntegramente en tierra.\r\nConstruido en el siglo V como mausoleo de un soberano Chim\u00fa, fue la capital pol\u00edtica, administrativa y religiosa del Estado Chimor, conocida como \u201cLa ciudad de barro m\u00e1s grande del mundo\u201d y nombrada como Patrimonio Cultural de la Humanidad por la UNESCO en el a\u00f1o de 1986. \r\nPresenta una refinada t\u00e9cnica arquitect\u00f3nica, donde destacan impresionantes alto relieves y exquisitos dise\u00f1os geom\u00e9tricos y zoomorfos, frisos con l\u00edneas y figuras de peces y aves. El Palacio Nik-An es el \u00fanico recinto de Chan Chan acondicionado para la visita tur\u00edstica, este esconde plazas ceremoniales, corredores con iconograf\u00edas de aves y peces, salas con hornacinas, audiencias (adoratorios), almacenes (colcas), una poza ceremonial (huachaque) y una plataforma funeraria.","categoria":"1","tipo_sitio":"1","tipo_ingreso":"1","sello_turistico":"0","estado":"1","foto_principal":"http:\/\/testing.sminnova.com\/portada.png","fecha_registro":"2018-01-01","usuario_creacion":"1","fecha_modificacion":"2018-01-01","usuario_modificacion":"1"},{"id":"14","nombre":"HUACA ESMERALDA","direccion":"Urb. Esmeralda a tres cuadras de la iglesia Mansiche","latitud":"-8.1167523","longitud":"-79.0196156","telefono":"(044) 227705","horario_atencion":"Todos los d\u00edas de 9:00 a.m. a 4:00 p.m.","pagina_web":"http:\/\/chanchan.gob.pe","correo":"","facebook":"http:\/\/facebook.com","twitter":"https:\/\/twitter.com\/","instagram":"https:\/\/www.instagram.com\/","historia":"Huaca La Esmeralda pertenece a la Cultura Chim\u00fa (1100-1470). Su construcci\u00f3n en adobe se realiz\u00f3 durante la primera etapa de desarrollo de dicha cultura, en estrecho v\u00ednculo con la capital Chan Chan. \r\nOcupa un \u00e1rea aproximada de 2.600 metros cuadrados y es una construcci\u00f3n rectangular de tipo piramidal con dos plataformas a las que se asciende a trav\u00e9s de dos rampas centrales. Cuenta con otras plataformas y rampas, las paredes de adobe est\u00e1n decoradas con altorrelieves con motivos zoomorfos y geom\u00e9tricos. El sitio ha sufrido varias modificaciones, principalmente en la parte media donde se construy\u00f3 una plataforma de dos escalones unidos por una rampa central.","categoria":"1","tipo_sitio":"1","tipo_ingreso":"1","sello_turistico":"0","estado":"1","foto_principal":"http:\/\/testing.sminnova.com\/portada.png","fecha_registro":"2018-01-01","usuario_creacion":"1","fecha_modificacion":"2018-01-01","usuario_modificacion":"1"},{"id":"15","nombre":"HUACA ARCOIRIS O DRAG\u00d3N","direccion":"En el distrito de La Esperanza, cerca de Chan Chan","latitud":"-8.1167523","longitud":"-79.0196156","telefono":"(044) 227705","horario_atencion":"Todos los d\u00edas de 9:00 a.m. a 4:00 p.m.","pagina_web":"http:\/\/chanchan.gob.pe","correo":"","facebook":"http:\/\/facebook.com","twitter":"https:\/\/twitter.com\/","instagram":"https:\/\/www.instagram.com\/","historia":"Se trata de un monumento religioso, centro ceremonial y administrativo construido en adobe, cuyos murales est\u00e1n decorados con frisos en relieve mostrando figuras antropomorfas y representando estilizadamente el arco iris. \r\nDebajo de cada Arco Iris se observa una pareja de serpientes, una tiene dos cabezas y la otra termina en una cola de pez. Tambi\u00e9n la serpiente con dos cabezas se puede ver sosteniendo un tumi o cuchillo ceremonial.\r\nLa reiteraci\u00f3n de este animal se asocia con otras culturas, para las cuales fue s\u00edmbolo del agua y la fertilidad de la tierra.\r\nFue descubierta por un buscador de tesoros el a\u00f1o 1943 y restaurada por el Instituto de Antropolog\u00eda de la Universidad Nacional de Trujillo, gracias a estos trabajos fueron descubiertos tres muros exteriores y dos muros interiores con magn\u00edficos dise\u00f1os mitol\u00f3gicos.","categoria":"1","tipo_sitio":"1","tipo_ingreso":"1","sello_turistico":"0","estado":"1","foto_principal":"http:\/\/testing.sminnova.com\/portada.png","fecha_registro":"2018-01-01","usuario_creacion":"1","fecha_modificacion":"2018-01-01","usuario_modificacion":"1"},{"id":"16","nombre":"COMPLEJO ARQUEOL\u00d3GICO EL BRUJO","direccion":"Distrito de Magdalena de Cao, Provincia de Ascope","latitud":"-8.1167523","longitud":"-79.0196156","telefono":"990 303 730 \/ 9","horario_atencion":"Todos los d\u00edas de 9:00 a.m. a 5:00 p.m.","pagina_web":"https:\/\/www.elbrujo.pe","correo":"info@elbrujo.pe","facebook":"http:\/\/facebook.com","twitter":"https:\/\/twitter.com\/","instagram":"https:\/\/www.instagram.com\/","historia":"Es uno de los m\u00e1s importantes centros religiosos y pol\u00edticos de la cultura Moche (100 \u2013 750 d.C.) y est\u00e1 conformada por la Huaca Prieta, la Huaca Cao Viejo y la Huaca Cortada, de los cuales s\u00f3lo la Huaca Cao Viejo est\u00e1 abierta a la visita tur\u00edstica, y junto al impresionante Museo de la Dama de Cao forman el m\u00e1s grande complejo arqueol\u00f3gico situado en el Valle Chicama.\r\nLos Mochica sepultaron en este edificio a personajes de alta jerarqu\u00eda; el m\u00e1s impresionante de estos entierros es el de la Se\u00f1ora de Cao, la primera gobernante mujer que se ha descubierto en la arqueolog\u00eda peruana, que ha asombrado al mundo por sus fastuosos atav\u00edos, la pompa con que fue enterrada y su asombroso estado de conservaci\u00f3n.","categoria":"1","tipo_sitio":"1","tipo_ingreso":"1","sello_turistico":"0","estado":"1","foto_principal":"http:\/\/testing.sminnova.com\/portada.png","fecha_registro":"2018-01-01","usuario_creacion":"1","fecha_modificacion":"2018-01-01","usuario_modificacion":"1"},{"id":"17","nombre":"PALACIO MUNICIPAL","direccion":"Jr. Pizarro N\u00ba 412, Centro Hist\u00f3rico de Trujillo","latitud":"-8.1167523","longitud":"-79.0196156","telefono":"","horario_atencion":"Lunes a viernes de 7:30 a.m. a 2:45 p.m.","pagina_web":"","correo":"","facebook":"http:\/\/facebook.com","twitter":"https:\/\/twitter.com\/","instagram":"https:\/\/www.instagram.com\/","historia":"Por disposiciones de la Corona Espa\u00f1ola, la fundaci\u00f3n de toda nueva ciudad, deb\u00eda incluir un solar destinado a las casas del cabildo (hoy municipalidad) que estuviese ubicado en la plaza p\u00fablica de la ciudad, m\u00e1s no pas\u00f3 lo mismo en Trujillo, ser\u00eda reci\u00e9n en la tercera d\u00e9cada del siglo XVII, cuando la corporaci\u00f3n municipal, compr\u00f3 la casa propiedad del contador Antonio Urraco para el local oficial del cabildo, cuya nueva edificaci\u00f3n se encarg\u00f3 al arquitecto portugu\u00e9s Alonso de las Nieves. Fue en este mismo espacio, donde el marqu\u00e9s de Torre Tagle proclam\u00f3 la independencia de Trujillo el d\u00eda 29 de diciembre de 1820.\r\nA\u00f1os despu\u00e9s, Don V\u00edctor Larco Herrera, fil\u00e1ntropo trujillano y alcalde de la ciudad, financi\u00f3 la construcci\u00f3n del nuevo edificio del palacio municipal, obra encargada al arquitecto italiano Domingo Tanlongo y que se inaugur\u00f3 el 21 de enero de 1917.\r\nEsta edificaci\u00f3n ya cuenta con 100 a\u00f1os de historia y es considerado Monumento Hist\u00f3rico de la Naci\u00f3n.","categoria":"2","tipo_sitio":"1","tipo_ingreso":"0","sello_turistico":"0","estado":"1","foto_principal":"http:\/\/testing.sminnova.com\/portada.png","fecha_registro":"2018-01-01","usuario_creacion":"1","fecha_modificacion":"2018-01-01","usuario_modificacion":"1"},{"id":"18","nombre":"CASA URQUIAGA ","direccion":"Jr. Pizarro N\u00ba 446, Centro Hist\u00f3rico de Trujillo","latitud":"-8.1167523","longitud":"-79.0196156","telefono":"(044) 244841","horario_atencion":"","pagina_web":"","correo":"","facebook":"http:\/\/facebook.com","twitter":"https:\/\/twitter.com\/","instagram":"https:\/\/www.instagram.com\/","historia":"Esta residencia aloj\u00f3 a personajes ilustres como al Libertador Sim\u00f3n Bol\u00edvar a mediados del siglo XIX y actualmente es sede del Banco Central de Reserva del Per\u00fa \u2013 Sucursal Trujillo.\r\nEl solar fue concedido al conquistador y fundador de la ciudad Don Rodrigo Lozano, primer alcalde ordinario de la ciudad qui\u00e9n edific\u00f3 ah\u00ed una de las primeras casas trujillanas.\r\nConstruida en el siglo XVI, a mediados del siglo XIX fue reedificada siguiendo las l\u00edneas del estilo neocl\u00e1sico, estilo que conserva en la actualidad. Su port\u00f3n de madera es de estilo neocl\u00e1sico, con columnas d\u00f3ricas y ventanas de hierro forjado. El zagu\u00e1n presenta techo artesonado y parte del piso original es de lajas. Se distribuye en tres patios: el primero empedrado y con galer\u00edas de columnas d\u00f3ricas, a \u00e9l se abren antesalas y salas; el segundo patio es de forma cuadrada; relativamente peque\u00f1o con galer\u00edas de columnas j\u00f3nicas alrededor de una fuente; y el tercer patio posee un p\u00f3rtico de estilo d\u00f3rico.\r\nEn 1604, el cabildo de Trujillo la eligi\u00f3 entre las dos casas m\u00e1s hermosas y mejor situadas de la ciudad para hospedar al nuevo Virrey del Per\u00fa, Don Gaspar Z\u00fa\u00f1iga de Acedo, conde de Monterrey.","categoria":"2","tipo_sitio":"1","tipo_ingreso":"2","sello_turistico":"0","estado":"1","foto_principal":"http:\/\/testing.sminnova.com\/portada.png","fecha_registro":"2018-01-01","usuario_creacion":"1","fecha_modificacion":"2018-01-01","usuario_modificacion":"1"},{"id":"19","nombre":"CASA DE LA EMANCIPACI\u00d3N","direccion":"Jr. Pizarro N\u00ba 610, Centro Hist\u00f3rico de Trujillo","latitud":"-8.1167523","longitud":"-79.0196156","telefono":"(044) 481137","horario_atencion":"Lunes a viernes de 8:00 a.m. a 1:00 p.m. y de 4:00 p.m. a 7:00 p.m","pagina_web":"http:\/\/fundacionbbva.pe\/casonas\/casa-de-la-emancipacion","correo":"fundacion.pe@bbva.com","facebook":"http:\/\/facebook.com","twitter":"https:\/\/twitter.com\/","instagram":"https:\/\/www.instagram.com\/","historia":"Esta casona pas\u00f3 por varios propietarios siendo el m\u00e1s conocido don Tiburcio de Urquiaga, qui\u00e9n cedi\u00f3 parte de su casa para que el intendente Marqu\u00e9s Jos\u00e9 Bernardo de Torre Tagle estableciera la sede de la Intendencia de Trujillo, donde gest\u00f3 en secreto la emancipaci\u00f3n de la ciudad en apoyo a los planes del general don Jos\u00e9 de San Mart\u00edn. Es as\u00ed que el 29 de diciembre de 1820, Torre Tagle sale desde esta casa acompa\u00f1ado de un grupo de vecinos ilustres por el Jr. Pizarro rumbo al Cabildo, en donde proclam\u00f3 la independencia de Trujillo.\r\nEn 1823, se convirti\u00f3 en sede del Primer Congreso Constituyente de la Rep\u00fablica y m\u00e1s adelante sede del Gobierno del Presidente Jos\u00e9 de La Riva Ag\u00fcero.\r\nEn el a\u00f1o del 1975 fue adquirida por el Banco Continental, utilizando sus instalaciones para la difusi\u00f3n de actividades culturales, cuenta tambi\u00e9n con una sala dedicada a Mart\u00ednez de Compa\u00f1\u00f3n y otra dedicada a C\u00e9sar Vallejo y sus obras.\r\nSalas: \r\n\u2022 Sala C\u00e9sar Vallejo: En homenaje al poeta C\u00e9sar Vallejo. Compuesta por los textos que fueron entregados a la Fundaci\u00f3n, para su custodia y exhibici\u00f3n, en el a\u00f1o 1988 por el librero Juan Mej\u00eda Baca. Los mismos conforman una de las colecciones m\u00e1s importantes y completas sobre el autor, y suman m\u00e1s de 150 t\u00edtulos.\r\n\u2022 Sala Baltazar Jaime Mart\u00ednez Compa\u00f1\u00f3n: Recopila la informaci\u00f3n que tom\u00f3 durante su visita pastoral por 13 provincias del Per\u00fa desde el 20 de junio de 1782 al 8 de marzo de 1785. Plasm\u00f3 esta impresionante aventura en los 9 tomos de acuarelas que conforman el c\u00f3dice \u201cTruxillo del Per\u00fa\u201d.","categoria":"2","tipo_sitio":"1","tipo_ingreso":"2","sello_turistico":"0","estado":"1","foto_principal":"http:\/\/testing.sminnova.com\/portada.png","fecha_registro":"2018-01-01","usuario_creacion":"1","fecha_modificacion":"2018-01-01","usuario_modificacion":"1"},{"id":"20","nombre":"CASA ORBEGOSO","direccion":"Jr. Orbegoso N\u00ba 553, Centro Hist\u00f3rico de Trujillo","latitud":"-8.1167523","longitud":"-79.0196156","telefono":"","horario_atencion":"","pagina_web":"","correo":"","facebook":"http:\/\/facebook.com","twitter":"https:\/\/twitter.com\/","instagram":"https:\/\/www.instagram.com\/","historia":"Fue propiedad del Mariscal Luis Jos\u00e9 de Orbegoso y Moncada, el \u00fanico trujillano que lleg\u00f3 a ser presidente del Per\u00fa entre los a\u00f1os 1833-1835.\r\nEs una las casonas m\u00e1s hermosas y elegantes de la ciudad, que resalta por su balc\u00f3n de esquina que fue efectuada en 1818 por Eduardo Gonz\u00e1les de Orbegoso.\r\nSu planta tiene forma de L y conserva las caracter\u00edsticas de las antiguas casa de la ciudad, con corredores amplios sobre terrapl\u00e9n y anchas escaleras desde el patio.\r\nEn el zagu\u00e1n, se ha conservado el artesonado del siglo XVIII, dos bancas verdes del Siglo XIX, pescante de madera con farol y adem\u00e1s pintura mural superpuesta, que corresponde a las distintas remodelaciones de la casa, estilos mud\u00e9jar, barroco, barroco mestizo, rococ\u00f3 y neocl\u00e1sico. \r\nEn 1723 el capit\u00e1n Don Francisco de la Huerta y Zubiate, vendi\u00f3 la casa a Don Juan de Orbegoso Isasi y Aranda quien fue el primero de su apellido en poseer dicha edificaci\u00f3n, es as\u00ed como pas\u00f3 a ser propiedad de la familia Orbegoso, qui\u00e9n llev\u00f3 a cabo algunas reformas a la casa que le dieron el aire republicano que hoy tiene.","categoria":"2","tipo_sitio":"1","tipo_ingreso":"2","sello_turistico":"0","estado":"1","foto_principal":"http:\/\/testing.sminnova.com\/portada.png","fecha_registro":"2018-01-01","usuario_creacion":"1","fecha_modificacion":"2018-01-01","usuario_modificacion":"1"},{"id":"21","nombre":"CASA GANOZA CHOPITEA","direccion":"Jr. Independencia N\u00ba 630, Centro Hist\u00f3rico de Trujillo","latitud":"-8.1167523","longitud":"-79.0196156","telefono":"(044) 474756","horario_atencion":"","pagina_web":"http:\/\/www.casonadeza.com","correo":"casonadeza@gmail.com","facebook":"http:\/\/facebook.com","twitter":"https:\/\/twitter.com\/","instagram":"https:\/\/www.instagram.com\/","historia":"Una de las caracter\u00edsticas principales de esta casa, es su portada policroma de estilo barroco, que se corona con un front\u00f3n rococ\u00f3 y dos leones.\r\nEs conocida por los ciudadanos como \u201cLa Casa de los Leones\u201d, por estos elementos que se encuentran en la puerta principal; adem\u00e1s de eso, es la \u00fanica casona virreinal con este tipo de fachada.\r\nEste monumento data de la \u00e9poca virreinal y es una de las casas que m\u00e1s propietarios ha tenido, entre los m\u00e1s reconocidos est\u00e1n los Ram\u00edrez y Laredo, que eran due\u00f1os de la hacienda Laredo (antiguamente conocida como Hacienda San Nicol\u00e1s del Paso). \r\nLa casona cuenta en total con 10 salones, siendo los principales: el Sal\u00f3n de los Hombres y el Sal\u00f3n de las Damas, donde se conservan hermosos cuadros y mobiliario coloniales.\r\nPosee tambi\u00e9n tres patios, el principal tiene piso de canto rodado y est\u00e1 rodeado por los salones principales de la casa, a los cuales se accede a trav\u00e9s de una escalinata de madera y un corredor delimitado por barandas de balaustre de bolillo. En el segundo patio est\u00e1n los restos de un antiguo pozo de agua.\r\nActualmente le pertenece a la familia Deza, los cuales han adecuado las instalaciones para un negocio de comidas y bebidas (Casona Deza).","categoria":"2","tipo_sitio":"1","tipo_ingreso":"2","sello_turistico":"0","estado":"1","foto_principal":"http:\/\/testing.sminnova.com\/portada.png","fecha_registro":"2018-01-01","usuario_creacion":"1","fecha_modificacion":"2018-01-01","usuario_modificacion":"1"},{"id":"22","nombre":"CASA DEL MAYORAZGO FACAL\u00c1","direccion":"Jr. Pizarro N\u00ba 314, Centro Hist\u00f3rico","latitud":"-8.1167523","longitud":"-79.0196156","telefono":"","horario_atencion":"","pagina_web":"","correo":"","facebook":"http:\/\/facebook.com","twitter":"https:\/\/twitter.com\/","instagram":"https:\/\/www.instagram.com\/","historia":"La casa fue construida en 1709, por Bartolom\u00e9 Tinoco Cavero, poseedor del Mayorazgo de Facal\u00e1 en el valle Chicama. En 1950 fue comprada por Jaime de Orbegoso, quien cambi\u00f3 la fachada y lo hizo con gran coronaci\u00f3n al estilo neocolonial y coloc\u00f3 tambi\u00e9n un nuevo balc\u00f3n de esquina semejante al original.\r\nDo\u00f1a Micaela M\u00fa\u00f1oz Ca\u00f1ete, esposa de Jos\u00e9 Clemente Tinoco y Merino bord\u00f3 en esta casa la primera bandera del Per\u00fa que fue izada el 29 de diciembre de 1820.\r\nLa hermosa mansi\u00f3n fue residencia y uso de todos los que se sucedieron en el Mayorazgo hasta la independencia. Muy deteriorada, fue adquirida en 1950 por Don Jaime de Orbegoso, qui\u00e9n realiz\u00f3 una notable obra de construcci\u00f3n llev\u00e1ndola a su aspecto actual y dado as\u00ed inici\u00f3, como pionero, a la revaloraci\u00f3n de las viejas y abandonadas casonas trujillanas.\r\nEn 1991 el Banco Wiese, deseando dotar de un \u00f3ptimo local a sus instalaciones en Trujillo, adquiere la casona y culmina su restauraci\u00f3n.\r\nActualmente es propiedad del Banco Scotiabank.","categoria":"2","tipo_sitio":"1","tipo_ingreso":"2","sello_turistico":"0","estado":"1","foto_principal":"http:\/\/testing.sminnova.com\/portada.png","fecha_registro":"2018-01-01","usuario_creacion":"1","fecha_modificacion":"2018-01-01","usuario_modificacion":"1"},{"id":"23","nombre":"CENTRO CULTURAL DEL BANCO DE LA NACI\u00d3N TRUJILLO","direccion":"Jr. Orbegoso N\u00b0 652, Centro Hist\u00f3rico de Trujillo","latitud":"-8.1167523","longitud":"-79.0196156","telefono":"(044) 290199 ","horario_atencion":"Todos los d\u00edas de 9:00 a.m. a 1:00 p.m. y de 4:00 p.m. a 8:00 p.m","pagina_web":"http:\/\/www.fundaciondelanacion.com","correo":"centroculturalbn@gmail.com","facebook":"http:\/\/facebook.com","twitter":"https:\/\/twitter.com\/","instagram":"https:\/\/www.instagram.com\/","historia":"Tiene cinco salas dedicadas a V\u00edctor Ra\u00fal Haya de la Torre y cuatro adicionales que est\u00e1n dedicadas a muestras temporales tem\u00e1ticas o documentales. Los distintos ambientes de esta hist\u00f3rica casona muestran detalles de su restauraci\u00f3n y puesta en valor.\r\nActualmente es propiedad del Banco de la Naci\u00f3n.","categoria":"2","tipo_sitio":"1","tipo_ingreso":"2","sello_turistico":"0","estado":"1","foto_principal":"http:\/\/testing.sminnova.com\/portada.png","fecha_registro":"2018-01-01","usuario_creacion":"1","fecha_modificacion":"2018-01-01","usuario_modificacion":"1"},{"id":"24","nombre":"CASA DE LA IDENTIDAD REGIONAL","direccion":"Jr. Almagro N\u00b0 418 - 420, Centro Hist\u00f3rico de Trujillo","latitud":"-8.1167523","longitud":"-79.0196156","telefono":"(044) 244232","horario_atencion":"Lunes a viernes de 9:00 a.m. a 1:00 p.m. y de 4:00 p.m. a 8:00 p.m.","pagina_web":"","correo":"","facebook":"http:\/\/facebook.com","twitter":"https:\/\/twitter.com\/","instagram":"https:\/\/www.instagram.com\/","historia":"Fue la antigua residencia del \u00faltimo alcalde de Trujillo de la \u00e9poca del virreinato: Don Manuel Cavero y Mu\u00f1oz.\r\nSu nombre original es Casa Ganoza Orbegozo, actualmente pertenece al Gobierno Regional La Libertad, el cual ha puesto en ejecuci\u00f3n el Proyecto Especial \u201cCasa de la Identidad Regional\u201d para promocionar y exponer diversas muestras art\u00edsticas culturales.","categoria":"2","tipo_sitio":"1","tipo_ingreso":"2","sello_turistico":"0","estado":"1","foto_principal":"http:\/\/testing.sminnova.com\/portada.png","fecha_registro":"2018-01-01","usuario_creacion":"1","fecha_modificacion":"2018-01-01","usuario_modificacion":"1"},{"id":"25","nombre":"MUSEO DE HISTORIA NATURAL Y CULTURAL DE LA UPAO","direccion":"Campus UPAO, Av. Am\u00e9rica Sur N\u00b0 3145, Urb. Monserrate","latitud":"-8.1167523","longitud":"-79.0196156","telefono":"(044) 604444 an","horario_atencion":"Lunes a viernes de 8:00 a.m. a 12:45 p.m. y de 3:30 p.m. a 7:00 p.m.","pagina_web":"http:\/\/www.upao.edu.pe\/museo","correo":"museo@upao.edu.pe","facebook":"http:\/\/facebook.com","twitter":"https:\/\/twitter.com\/","instagram":"https:\/\/www.instagram.com\/","historia":"Es una instituci\u00f3n de investigaci\u00f3n y divulgaci\u00f3n cient\u00edfica que se encarga de recolectar, conservar, estudiar y exhibir muestras representativas de la diversidad biol\u00f3gica y cultural del Per\u00fa, en particular de la regi\u00f3n norte del pa\u00eds, con el fin de generar conocimiento cient\u00edfico y difundirlo a la comunidad nacional e internacional.","categoria":"2","tipo_sitio":"1","tipo_ingreso":"2","sello_turistico":"0","estado":"1","foto_principal":"http:\/\/testing.sminnova.com\/portada.png","fecha_registro":"2018-01-01","usuario_creacion":"1","fecha_modificacion":"2018-01-01","usuario_modificacion":"1"},{"id":"26","nombre":"MUSEO DE ARTE CONTEMPOR\u00c1NEO URMO MAX LOIS","direccion":"Jr. Piura N\u00b0 401, Urb. Aranjuez","latitud":"-8.1167523","longitud":"-79.0196156","telefono":"(044) 581002","horario_atencion":"","pagina_web":"","correo":"","facebook":"http:\/\/facebook.com","twitter":"https:\/\/twitter.com\/","instagram":"https:\/\/www.instagram.com\/","historia":"Las obras pict\u00f3ricas que presenta son muestras de las series; Orillas del color, Alegr\u00eda y optimismo de vivir, y Mamachas de la producci\u00f3n. Adem\u00e1s muestra diversas esculturas y altos relieves en hierro. Obras que contribuyen al desarrollo espiritual e identidad nacional planetaria.","categoria":"2","tipo_sitio":"1","tipo_ingreso":"2","sello_turistico":"0","estado":"1","foto_principal":"http:\/\/testing.sminnova.com\/portada.png","fecha_registro":"2018-01-01","usuario_creacion":"1","fecha_modificacion":"2018-01-01","usuario_modificacion":"1"},{"id":"27","nombre":"TEATRO MUNICIPAL","direccion":"Jr. Bol\u00edvar N\u00b0 753, Centro Hist\u00f3rico de Trujillo","latitud":"-8.1167523","longitud":"-79.0196156","telefono":"(044) 241601 ","horario_atencion":"De acuerdo a las funciones art\u00edsticas programadas por la administraci\u00f3n del teatro (Sub Gerencia de Cultura - MPT)","pagina_web":"","correo":"","facebook":"http:\/\/facebook.com","twitter":"https:\/\/twitter.com\/","instagram":"https:\/\/www.instagram.com\/","historia":"Escenario de actividades art\u00edsticas y culturales desde hace m\u00e1s de 140 a\u00f1os. Este reciento fue escenario de una de las tragedias m\u00e1s grandes desarrollas en la ciudad, un incendio que se origin\u00f3 el 21 de febrero de 1910, durante la segunda funci\u00f3n proyectada en el interior del teatro, donde lamentablemente fallecieron m\u00e1s de 40 personas.\r\nMeses despu\u00e9s fue reconstruido por el ingeniero italiano Dom\u00e9nico Tanlongo en agosto del mismo a\u00f1o.","categoria":"6","tipo_sitio":"1","tipo_ingreso":"2","sello_turistico":"0","estado":"1","foto_principal":"http:\/\/testing.sminnova.com\/portada.png","fecha_registro":"2018-01-01","usuario_creacion":"1","fecha_modificacion":"2018-01-01","usuario_modificacion":"1"},{"id":"28","nombre":"TEATRO \u201cV\u00cdCTOR RA\u00daL LOZANO IB\u00c1\u00d1EZ\u201d - UPAO","direccion":"Jr. Bol\u00edvar N\u00b0 753, Centro Hist\u00f3rico de Trujillo","latitud":"-8.1167523","longitud":"-79.0196156","telefono":"(044) 604444 an","horario_atencion":"De acuerdo a las funciones art\u00edsticas programadas por la administraci\u00f3n del teatro (Universidad Privada Antenor Orrego)","pagina_web":"https:\/\/teatroupao.com","correo":"teatro@upao.edu.pe","facebook":"http:\/\/facebook.com","twitter":"https:\/\/twitter.com\/","instagram":"https:\/\/www.instagram.com\/","historia":"Una de las obras m\u00e1s emblem\u00e1ticas de la Universidad Privada Antenor Orrego (UPAO) y un verdadero \u00edcono a nivel de infraestructura de los teatros universitarios a nivel nacional, considerado el teatro m\u00e1s grande del norte del pa\u00eds.\r\nEste recinto exhibe diversas puestas teatrales y musicales nacionales e internacionales.","categoria":"6","tipo_sitio":"1","tipo_ingreso":"2","sello_turistico":"0","estado":"1","foto_principal":"http:\/\/testing.sminnova.com\/portada.png","fecha_registro":"2018-01-01","usuario_creacion":"1","fecha_modificacion":"2018-01-01","usuario_modificacion":"1"},{"id":"29","nombre":"MURAL ART\u00cdSTICO DE LA UNIVERSIDAD NACIONAL DE TRUJILLO","direccion":"Av. Jes\u00fas de Nazareth s\/n","latitud":"-8.1167523","longitud":"-79.0196156","telefono":"","horario_atencion":"","pagina_web":"","correo":"","facebook":"http:\/\/facebook.com","twitter":"https:\/\/twitter.com\/","instagram":"https:\/\/www.instagram.com\/","historia":"Cuenta con un \u00e1rea de tres mil metros cuadrados y compuesto por treinta millones de piezas de mosaico de un cent\u00edmetro cuadrado, el mural se vislumbra como una de la m\u00e1s hermosas y grandes del mundo, \u00fanica en su g\u00e9nero y con una calidad art\u00edstica extraordinaria.\r\nLa parte del mural que queda ubicado en la Av. Juan Pablo II detalla hechos hist\u00f3ricos mundiales y el fragmento que da a la Av. Jes\u00fas de Nazareth retrata cronol\u00f3gicamente la historia de nuestros antepasados, desde los moches, pasando por los chim\u00fas y la \u00e9poca colonial y republicana.","categoria":"6","tipo_sitio":"1","tipo_ingreso":"2","sello_turistico":"0","estado":"1","foto_principal":"http:\/\/testing.sminnova.com\/portada.png","fecha_registro":"2018-01-01","usuario_creacion":"1","fecha_modificacion":"2018-01-01","usuario_modificacion":"1"},{"id":"30","nombre":"CENTRO COMERCIAL MALL PLAZA","direccion":"Av. Am\u00e9rica Oeste s\/n.","latitud":"-8.1167523","longitud":"-79.0196156","telefono":"","horario_atencion":"Todos los d\u00edas de 8:00 a.m. a 10:00 p.m.","pagina_web":"https:\/\/www.mallplaza.com.pe\/trujillo\/tiendas","correo":"","facebook":"http:\/\/facebook.com","twitter":"https:\/\/twitter.com\/","instagram":"https:\/\/www.instagram.com\/","historia":"Este centro comercial cuenta con espacios modernos y atractivos, creados especialmente para satisfacer todas las necesidades de la poblaci\u00f3n local en un mismo lugar. Cuenta con un mix completo de tiendas, variedad de restaurantes y propuestas de entretenimiento.","categoria":"6","tipo_sitio":"1","tipo_ingreso":"2","sello_turistico":"0","estado":"1","foto_principal":"http:\/\/testing.sminnova.com\/portada.png","fecha_registro":"2018-01-01","usuario_creacion":"1","fecha_modificacion":"2018-01-01","usuario_modificacion":"1"},{"id":"31","nombre":"CENTRO COMERCIAL REAL PLAZA","direccion":"Av. Cesar Vallejo N\u00ba 1345, Urb. Real Plaza","latitud":"-8.1167523","longitud":"-79.0196156","telefono":"","horario_atencion":"Todos los d\u00edas de 09:00 a.m. a 10:00 p.m.","pagina_web":"https:\/\/realplaza.pe\/trujillo","correo":"","facebook":"http:\/\/facebook.com","twitter":"https:\/\/twitter.com\/","instagram":"https:\/\/www.instagram.com\/","historia":"Real Plaza cuenta de diversidad de tiendas, restaurantes y centros de entretenimiento para el p\u00fablico trujillano.","categoria":"6","tipo_sitio":"1","tipo_ingreso":"2","sello_turistico":"0","estado":"1","foto_principal":"http:\/\/testing.sminnova.com\/portada.png","fecha_registro":"2018-01-01","usuario_creacion":"1","fecha_modificacion":"2018-01-01","usuario_modificacion":"1"},{"id":"32","nombre":"CENTRO COMERCIAL OPEN PLAZA","direccion":"Av. Am\u00e9rica Norte N\u00ba 1245, Urb. Los Jardines","latitud":"-8.1167523","longitud":"-79.0196156","telefono":"","horario_atencion":"Todos los d\u00edas de 09:00 a.m. a 10:00 p.m.","pagina_web":"http:\/\/www.openplaza.com.pe\/opplapepr\/Trujillo\/Home\/","correo":"comercial_op@openplaza.com.pe","facebook":"http:\/\/facebook.com","twitter":"https:\/\/twitter.com\/","instagram":"https:\/\/www.instagram.com\/","historia":"Cuenta con variedad de tiendas, restaurantes y centros de entretenimiento.","categoria":"6","tipo_sitio":"1","tipo_ingreso":"2","sello_turistico":"0","estado":"1","foto_principal":"http:\/\/testing.sminnova.com\/portada.png","fecha_registro":"2018-01-01","usuario_creacion":"1","fecha_modificacion":"2018-01-01","usuario_modificacion":"1"},{"id":"33","nombre":"BIBLIOTECA MUNICIPAL","direccion":"Av Espa\u00f1a N\u00ba 530","latitud":"-8.1167523","longitud":"-79.0196156","telefono":"(044) 291776","horario_atencion":"Lunes a viernes de 7:30 a.m. a 8:45 p.m. \/ S\u00e1bados de 8:00 a.m. a 5:30 p.m.","pagina_web":"","correo":"","facebook":"http:\/\/facebook.com","twitter":"https:\/\/twitter.com\/","instagram":"https:\/\/www.instagram.com\/","historia":"Es una Instituci\u00f3n que brinda cultura a la poblaci\u00f3n trujillana y al contexto de los distritos m\u00e1s cercanos; ofreciendo informaci\u00f3n actualizada a trav\u00e9s del servicio de estanter\u00eda abierta con diversos textos, as\u00ed como tambi\u00e9n, el uso de hemeroteca con diarios locales y nacionales. Todo ello acorde a las necesidades del p\u00fablico que inicia en la lectura desde temprana edad y permanecen hasta su vida profesional.","categoria":"6","tipo_sitio":"1","tipo_ingreso":"2","sello_turistico":"0","estado":"1","foto_principal":"http:\/\/testing.sminnova.com\/portada.png","fecha_registro":"2018-01-01","usuario_creacion":"1","fecha_modificacion":"2018-01-01","usuario_modificacion":"1"},{"id":"34","nombre":"BAS\u00cdLICA CATEDRAL","direccion":"Intersecci\u00f3n de los jirones Orbegoso e Independencia, Centro Hist\u00f3rico de Trujillo","latitud":"-8.1167523","longitud":"-79.0196156","telefono":"","horario_atencion":"","pagina_web":"","correo":"","facebook":"http:\/\/facebook.com","twitter":"https:\/\/twitter.com\/","instagram":"https:\/\/www.instagram.com\/","historia":"Este edificio fue reconocido como Iglesia Matriz y elevada al rango de Catedral por el Bula Papal de Gregorio XIII.\r\nEn 1616 se crea la Di\u00f3cesis de Trujillo de la cual fue sede del gobierno central, siendo su primer Obispo Fray Francisco de Cabrera, desde su fundaci\u00f3n al presente ha tenido 3 edificios.\r\nEl 23 de agosto de 1967 fue ascendida a la dignidad de Bas\u00edlica menor por el Papa Paulo VI siendo Arzobispo Carlos Mar\u00eda Burgerns.\r\nEn su interior se guardan los retablos m\u00e1s antiguos de la ciudad: Los de San Pedro y de San Juan Bautista de fines del siglo XVII, como tambi\u00e9n el Retablo Mayor, en donde encontramos en el segundo cuerpo al Patr\u00f3n de Trujillo: San Valent\u00edn.","categoria":"3","tipo_sitio":"1","tipo_ingreso":"2","sello_turistico":"0","estado":"1","foto_principal":"http:\/\/testing.sminnova.com\/portada.png","fecha_registro":"2018-01-01","usuario_creacion":"1","fecha_modificacion":"2018-01-01","usuario_modificacion":"1"},{"id":"35","nombre":"IGLESIA NUESTRA SE\u00d1ORA DEL CARMEN","direccion":"Intersecci\u00f3n de los jirones Col\u00f3n y Bol\u00edvar, Centro Hist\u00f3rico de Trujillo","latitud":"-8.1167523","longitud":"-79.0196156","telefono":"","horario_atencion":"Durante el horario de misa (7:00 a.m.)","pagina_web":"","correo":"","facebook":"http:\/\/facebook.com","twitter":"https:\/\/twitter.com\/","instagram":"https:\/\/www.instagram.com\/","historia":"Considerado el m\u00e1s bello conjunto religioso de la ciudad, erigida probablemente a mediados del siglo XVIII. Lo que m\u00e1s destaca en su interior es el retablo principal de estilo churrigueresco, calificado como obra maestra.\r\nEn la primera mitad del siglo XVIII se establece el Monasterio de las Monjas Carmelitas, que llegan a Trujillo procedentes de Quito, portando gran parte de riqueza art\u00edstica, escult\u00f3rica y pict\u00f3rica, que junto con la iglesia y sus 3 claustros de estilo Barroco, llegan a su m\u00e1s alta manifestaci\u00f3n con esta obra, constituyendo as\u00ed el conjunto monumental m\u00e1s importante de la ciudad.\r\nEl Obispo de Trujillo Fray Juan de la Calle y Heredia, inici\u00f3 las gestiones necesarias para la fundaci\u00f3n de la Iglesia y Convento de Nuestra Se\u00f1ora del Carmen y San Jos\u00e9, bajo la Orden Religiosa Carmelita de Santa Teresa de Jes\u00fas.\r\nFue construida en el primer tercio del siglo XVIII, gracias a las donaciones y a los dotes que cada religiosa hac\u00eda al ingresar al convento. Fundado el 6 de diciembre de 1724, alberga actualmente una de las colecciones iconogr\u00e1ficas m\u00e1s sorprendentes del arte sacro de los siglos XVIII y XIX.","categoria":"3","tipo_sitio":"1","tipo_ingreso":"2","sello_turistico":"0","estado":"1","foto_principal":"http:\/\/testing.sminnova.com\/portada.png","fecha_registro":"2018-01-01","usuario_creacion":"1","fecha_modificacion":"2018-01-01","usuario_modificacion":"1"},{"id":"36","nombre":"IGLESIA SAN FRANCISCO","direccion":"Intersecci\u00f3n de los jirones Gamarra e Independencia, Centro Hist\u00f3rico de Trujillo.","latitud":"-8.1167523","longitud":"-79.0196156","telefono":"","horario_atencion":"","pagina_web":"","correo":"","facebook":"http:\/\/facebook.com","twitter":"https:\/\/twitter.com\/","instagram":"https:\/\/www.instagram.com\/","historia":"Erigida despu\u00e9s del terremoto de 1759. En su interior cuenta con una fuente bautismal de bronce con la inscripci\u00f3n \u201cFrancisco de Rivas, 1670\u201d, adem\u00e1s cuenta con un admirable altar de columnas en espiral en pan de oro y un sencillo p\u00falpito.\r\nEste \u00faltimo de relevante valor hist\u00f3rico pues de aqu\u00ed Francisco Solano profetiz\u00f3 el terremoto de 1619.\r\nCuenta con una original torre esquinera de 3 cuerpos y planta trazada en oct\u00e1gono, en su interior sobresalen las naves con sus b\u00f3vedas y Arcos Torales, asimismo cada uno de los retablos que son de primera calidad, como el retablo mayor de estilo barroco del siglo XVII.\r\nEsta es una de las iglesias que guarda mayor cantidad de retablos en la ciudad de Trujillo.","categoria":"3","tipo_sitio":"1","tipo_ingreso":"2","sello_turistico":"0","estado":"1","foto_principal":"http:\/\/testing.sminnova.com\/portada.png","fecha_registro":"2018-01-01","usuario_creacion":"1","fecha_modificacion":"2018-01-01","usuario_modificacion":"1"},{"id":"37","nombre":"EX IGLESIA LA COMPA\u00d1\u00cdA DE JES\u00daS","direccion":"Intersecci\u00f3n de los jirones Independencia y Almagro, Centro Hist\u00f3rico de Trujillo","latitud":"-8.1167523","longitud":"-79.0196156","telefono":"","horario_atencion":"Solicitar permiso a la administraci\u00f3n del inmueble","pagina_web":"","correo":"","facebook":"http:\/\/facebook.com","twitter":"https:\/\/twitter.com\/","instagram":"https:\/\/www.instagram.com\/","historia":"Por Real C\u00e9dula del 8 de Abril de 1627, el Rey Felipe IV dispone que ingresen la orden religiosa de los Jesuitas al virreinato del Per\u00fa, en relaci\u00f3n a otras \u00f3rdenes religiosas llegan muy tard\u00edamente pero logran ubicar su iglesia muy cerca de la Plaza Mayor, demostrando con esto que era una orden religiosa muy poderosa.\r\nSe empieza a construir aproximadamente el 22 de setiembre de 1631, termin\u00e1ndose en 1634 y en forma total en 1636, bajo la direcci\u00f3n del arquitecto Alonso de las Nieves.\r\nPosteriormente, cuando Bol\u00edvar fund\u00f3 la Universidad Nacional de La Libertad, el conjunto pas\u00f3 a formar parte de esta casa de estudios a excepci\u00f3n de la capilla que continu\u00f3 con celebraciones lit\u00fargicas hasta 1881.\r\nEs un templo de tipo basilical, en planta de cruz latina con crucero, brazos del transepto, presbiterio y capillas laterales.\r\nEste monumento arquitect\u00f3nico es administrado por la Universidad Nacional de Trujillo y la capilla ha sido acondicionada como auditorio.","categoria":"3","tipo_sitio":"1","tipo_ingreso":"2","sello_turistico":"0","estado":"1","foto_principal":"http:\/\/testing.sminnova.com\/portada.png","fecha_registro":"2018-01-01","usuario_creacion":"1","fecha_modificacion":"2018-01-01","usuario_modificacion":"1"},{"id":"38","nombre":"IGLESIA SAN AGUST\u00cdN","direccion":"Intersecci\u00f3n de los jirones Bol\u00edvar y Orbegoso, Centro Hist\u00f3rico de Trujillo","latitud":"-8.1167523","longitud":"-79.0196156","telefono":"","horario_atencion":"","pagina_web":"","correo":"","facebook":"http:\/\/facebook.com","twitter":"https:\/\/twitter.com\/","instagram":"https:\/\/www.instagram.com\/","historia":"De acuerdo a su historia, la Iglesia fue fundada en 1558 por los Hermanos Agustinos y por el impulso del gobernador de la provincia de Huamachuco, Don Juan Sandoval. A pesar de los diversos da\u00f1os causados por los terremotos en la ciudad, la misma congregaci\u00f3n era fiel a su reconstrucci\u00f3n.\r\nLuego en el a\u00f1o 1894, pas\u00f3 a ser administrada y atendida por la orden franciscana.\r\nSin embargo para dar lugar al mercado central de Trujillo, en 1930 su arquitectura tuvo que ser modificada y el templo recortado.\r\nIncluso despu\u00e9s del terremoto de 1970 este monumento fue nuevamente modificado.\r\nLos materiales utilizados para la edificaci\u00f3n de este templo fueron el adobe, piedra, ladrillo, madera y quincha.\r\nEl templo conserva su trazo genuino de una sola nave, ya que sus capillas laterales formaron naves posteriormente. Sin embargo, la nave derecha est\u00e1 suprimida. La fachada es de dos cuerpos, con front\u00f3n circular y dos torres campanario en los costados con ventanas tipo hornacinas que terminan en cupulines y linternas.\r\nEl retablo mayor de la Iglesia San Agust\u00edn es de pan de oro, su estructura tiene tres calles y dos cuerpos, y una coronaci\u00f3n con hornacinas, policromadas, con la escultura de San Agust\u00edn. En cuanto al tallado, la obra m\u00e1s destacable es el p\u00falpito, de estilo barroco, con columnas salom\u00f3nicas entre paneles, y el tornavoz de estilo rococ\u00f3.\r\nOtro elementos que destacan son las pechinas de su c\u00fapula, en donde se encuentran murales de Mois\u00e9s y tres profetas: Daniel, El\u00edas y Jerem\u00edas, el Altar Mayor de estilo barroco y hecho en pan de oro con dos cuerpos y tres calles, el cual permite apreciar algunas im\u00e1genes como la de San Agust\u00edn rodeado por otros frailes agustinos.\r\nEsta iglesia posee la portada m\u00e1s fina creada por la arquitectura del manierismo en Trujillo.","categoria":"3","tipo_sitio":"1","tipo_ingreso":"2","sello_turistico":"0","estado":"1","foto_principal":"http:\/\/testing.sminnova.com\/portada.png","fecha_registro":"2018-01-01","usuario_creacion":"1","fecha_modificacion":"2018-01-01","usuario_modificacion":"1"},{"id":"39","nombre":"IGLESIA SAN LORENZO","direccion":"Intersecci\u00f3n de los jirones Ayacucho y Col\u00f3n, Centro Hist\u00f3rico de Trujillo","latitud":"-8.1167523","longitud":"-79.0196156","telefono":"","horario_atencion":"","pagina_web":"","correo":"","facebook":"http:\/\/facebook.com","twitter":"https:\/\/twitter.com\/","instagram":"https:\/\/www.instagram.com\/","historia":"Construida en el siglo XVIII, fue una iglesia de indios por lo que su arquitectura presenta caracter\u00edsticas simples.\r\nConsta de una sola nave con cubierta de b\u00f3veda de ca\u00f1\u00f3n de corrido y una c\u00fapula sobre el crucero apoyada en arcos torales y en tambor cuadrado.\r\nConstruida totalmente de adobe, quincha y algunos elementos de ladrillo, aunque modesta y peque\u00f1a, cuenta con una proporcionada portada barroca y dos peque\u00f1as torres de campanario, posee un retablo mayor de estilo rococ\u00f3 ricamente decorado con pan de oro; asimismo cuenta con un Cristo yacente de gran valor art\u00edstico.","categoria":"3","tipo_sitio":"1","tipo_ingreso":"2","sello_turistico":"0","estado":"1","foto_principal":"http:\/\/testing.sminnova.com\/portada.png","fecha_registro":"2018-01-01","usuario_creacion":"1","fecha_modificacion":"2018-01-01","usuario_modificacion":"1"},{"id":"40","nombre":"IGLESIA SANTO DOMINGO","direccion":"Intersecci\u00f3n de los jirones Pizarro y Bolognesi, Centro Hist\u00f3rico de Trujillo","latitud":"-8.1167523","longitud":"-79.0196156","telefono":"","horario_atencion":"","pagina_web":"","correo":"","facebook":"http:\/\/facebook.com","twitter":"https:\/\/twitter.com\/","instagram":"https:\/\/www.instagram.com\/","historia":"Construida entre 1638 y 1642, destacan sus torres gemelas, sobre una amplia volumetr\u00eda en su dise\u00f1o un tanto prolongado. Fue construida sobre el solar, donado por el Marqu\u00e9s Gobernador Francisco Pizarro en el a\u00f1o 1535, el fundador de este convento fue Fray Domingo de Santo Tom\u00e1s.\r\nEn 1562 fue perfeccionado por Fray Ambrosio de la Guerra, para ser reconocido Priorato en 1579.\r\nEsta estructura cay\u00f3 destruida con el terremoto de 1619, la cual se reedific\u00f3 y termino en 1641, conservando la planta y los materiales.\r\nEl contraste evidente que existe entre la portada y la torre de esta iglesia se debe a la forma como los elementos arquitect\u00f3nicos son utilizados en diferentes partes de una construcci\u00f3n.\r\nEsto se debe al hecho que muchas veces las iglesias pasaban por diferentes fases constructivas y evidentemente, hab\u00eda un cambio en los gustos y las modas.\r\nLa portada por ejemplo es bastante sencilla: Cuatro columnas sostienen una cornisa y en la parte central un arco de medio punto. M\u00e1s arriba se levanta un front\u00f3n de tipo triangular que es roto para dar paso a dos columnas lisas que nuevamente sostienen una cornisa con front\u00f3n triangular partido pero de menores dimensiones.\r\nEn el interior se ha colocado un roset\u00f3n. A pesar de estos rompimientos y superposiciones vemos una portada de l\u00edneas claras y dos planos muy cargados.","categoria":"3","tipo_sitio":"1","tipo_ingreso":"2","sello_turistico":"0","estado":"1","foto_principal":"http:\/\/testing.sminnova.com\/portada.png","fecha_registro":"2018-01-01","usuario_creacion":"1","fecha_modificacion":"2018-01-01","usuario_modificacion":"1"},{"id":"41","nombre":"IGLESIA SANTA ANA","direccion":"Intersecci\u00f3n de los jirones Orbegoso y Zepita, Centro Hist\u00f3rico de Trujillo","latitud":"-8.1167523","longitud":"-79.0196156","telefono":"","horario_atencion":"Durante horario de misa","pagina_web":"","correo":"","facebook":"http:\/\/facebook.com","twitter":"https:\/\/twitter.com\/","instagram":"https:\/\/www.instagram.com\/","historia":"Es catalogada como una de las primeras iglesias de indios que existi\u00f3 dentro de una ciudad colonial como lo fue Trujillo.\r\nLa referencia m\u00e1s antigua data de 1551, en que se habla de la \u201cermita Santa Ana\u201d.\r\nSu estructura es de adobe y quincha, y de una sola nave cubierta con b\u00f3veda de ca\u00f1\u00f3n corrido sobre arcos totales.\r\nLas fachadas exteriores guardan mucha semejanza con la Iglesia Huam\u00e1n, correspondiendo al manierismo tard\u00edo que dura en el virreinato hasta 1630.\r\nLa fachada lateral resulta de l\u00edneas sencillas en la que destaca la terminaci\u00f3n del muro, la cual constituye la cubierta de los lunetos.\r\nEsta iglesia alberga pinturas de estilo barroco y piezas escult\u00f3ricas muy valiosas.","categoria":"3","tipo_sitio":"1","tipo_ingreso":"2","sello_turistico":"0","estado":"1","foto_principal":"http:\/\/testing.sminnova.com\/portada.png","fecha_registro":"2018-01-01","usuario_creacion":"1","fecha_modificacion":"2018-01-01","usuario_modificacion":"1"},{"id":"42","nombre":"IGLESIA SANTA CLARA","direccion":"Intersecci\u00f3n de los jirones Independencia y Jun\u00edn, Centro Hist\u00f3rico de Trujillo","latitud":"-8.1167523","longitud":"-79.0196156","telefono":"","horario_atencion":"Durante el horario de misa","pagina_web":"","correo":"","facebook":"http:\/\/facebook.com","twitter":"https:\/\/twitter.com\/","instagram":"https:\/\/www.instagram.com\/","historia":"La iglesia y convento de Santa Clara fue fundada el 25 de marzo de 1587 por tres monjas de la orden de As\u00eds, procedentes de Huamanga. Con el transcurso del tiempo la Iglesia Santa Clara ha pasado por varias modificaciones, actualmente presenta una arquitectura neocl\u00e1sica del siglo XVIII.\r\nLa iglesia cuenta con una sola nave, siendo la c\u00fapula lo m\u00e1s resaltante por tener decoraciones l\u00edticas policromadas en alto relieve en la cornisa y en las pechinas, donde se escenifican la vida milagrosa de Santa Clara: En la primera escena, soldados entran a la ciudad donde se encontraban las Clarisas entre ellas santa Clara, en la segunda escena representa a San Francisco de As\u00eds cort\u00e1ndole el cabello a Santa Clara y otra escena el milagro de los panes.\r\nEn su interior tambi\u00e9n conserva tres retablos y p\u00falpitos de gran valor art\u00edstico. Es una de las dos iglesias del Centro Hist\u00f3rico que tiene el convento con presencia de monjas de clausura.","categoria":"3","tipo_sitio":"1","tipo_ingreso":"2","sello_turistico":"0","estado":"1","foto_principal":"http:\/\/testing.sminnova.com\/portada.png","fecha_registro":"2018-01-01","usuario_creacion":"1","fecha_modificacion":"2018-01-01","usuario_modificacion":"1"},{"id":"43","nombre":"IGLESIA BEL\u00c9N","direccion":"Intersecci\u00f3n de los jirones Ayacucho y Almagro, Centro Hist\u00f3rico de Trujillo","latitud":"-8.1167523","longitud":"-79.0196156","telefono":"","horario_atencion":"Durante el horario de misa","pagina_web":"","correo":"","facebook":"http:\/\/facebook.com","twitter":"https:\/\/twitter.com\/","instagram":"https:\/\/www.instagram.com\/","historia":"Estuvo a cargo de la Hermandad de Bethlem\u00edtica y fue construida gracias a la donaci\u00f3n realizada por don Antonio de Escobar y Saavedra entre los a\u00f1os 1710 y 1720, denomin\u00e1ndose \"\"Jes\u00fas, Jos\u00e9 y Mar\u00eda\"\". Sobresale su portada de estilo barroco y en su interior una maravillosa pieza escult\u00f3rica de piedra de la Sagrada Familia.\r\nEsta iglesia posee dos portadas, resaltando la portada principal que es de estilo barroco, la cual presenta columnas de orden corintio, un front\u00f3n triangular partido, con una hornacina, en cuyo interior se encuentra en forma de una concha venera, la Sagrada Familia. Otro elemento a destacar es el Retablo Mayor que fue hecho por Fernando Collado, el cual es de estilo barroco, presenta dos cuerpos y tres calles, con columnas de orden corintio y fustes de estr\u00edas matadas. Adem\u00e1s presenta 4 retablos laterales: el Retablo de la Crucifixi\u00f3n, Retablo de la Virgen de la Asunci\u00f3n, Retablo de la Virgen del Perpetuo Socorro y el Retablo del Sagrado Coraz\u00f3n de Jes\u00fas.","categoria":"3","tipo_sitio":"1","tipo_ingreso":"2","sello_turistico":"0","estado":"1","foto_principal":"http:\/\/testing.sminnova.com\/portada.png","fecha_registro":"2018-01-01","usuario_creacion":"1","fecha_modificacion":"2018-01-01","usuario_modificacion":"1"},{"id":"44","nombre":"IGLESIA SE\u00d1OR DE HUAM\u00c1N","direccion":"Plaza de Armas de Huam\u00e1n, distrito de V\u00edctor Larco Herrera","latitud":"-8.1167523","longitud":"-79.0196156","telefono":"","horario_atencion":"De Lunes a S\u00e1bado de 08:00am a 1:00pm y 5:00pm a 8:00pm","pagina_web":"","correo":"","facebook":"http:\/\/facebook.com","twitter":"https:\/\/twitter.com\/","instagram":"https:\/\/www.instagram.com\/","historia":"Es la \u00fanica iglesia con estilo barroco mestizo del norte del Per\u00fa, su antig\u00fcedad data del siglo XVI, seg\u00fan versiones de algunos investigadores su construcci\u00f3n se habr\u00eda iniciado el 15 de junio del a\u00f1o 1547 por los padres Mercedarios. Este templo estuvo destinado a la evangelizaci\u00f3n de los pueblos indios que laboraban en las haciendas de los nobles espa\u00f1oles de ah\u00ed su dise\u00f1o arquitect\u00f3nico y los elementos que lo componen.\r\nLa iglesia de Huam\u00e1n alberga dos santos patronos del pueblo, que son el Se\u00f1or de Huam\u00e1n y El Se\u00f1or del Mar, hecho que determina fiestas consecutivas que se realizan la primera y segunda semana de Junio de cada a\u00f1o, siendo estas celebraciones de gran colorido y fervor religioso.","categoria":"3","tipo_sitio":"1","tipo_ingreso":"2","sello_turistico":"0","estado":"1","foto_principal":"http:\/\/testing.sminnova.com\/portada.png","fecha_registro":"2018-01-01","usuario_creacion":"1","fecha_modificacion":"2018-01-01","usuario_modificacion":"1"},{"id":"45","nombre":"HUANCHACO","direccion":"A 14 km. al noroeste de la ciudad de Trujillo.","latitud":"-8.1167523","longitud":"-79.0196156","telefono":"","horario_atencion":"","pagina_web":"","correo":"","facebook":"http:\/\/facebook.com","twitter":"https:\/\/twitter.com\/","instagram":"https:\/\/www.instagram.com\/","historia":"Es el balneario m\u00e1s importante de la ciudad de Trujillo y antiguo pueblo de pescadores, donde es posible apreciar a los caballitos de totora, balsa tradicionales utilizadas por los pescadores de la costa norte peruana desde la \u00e9poca precolombina.\r\nSu clima es c\u00e1lido entre los meses de Diciembre a Abril y templado en los meses de Mayo a Noviembre, alcanzando un promedio de temperatura anual de unos 23\u00baC.\r\nAdem\u00e1s de la playa podemos encontrar otros atractivos como la iglesia de la Virgen del Socorro en la cima del distrito, el Centro de Interpretaci\u00f3n y Parador Tur\u00edstico Quibisich y Sala de Exposici\u00f3n de Especies Marinas \u2013 IMARP.","categoria":"4","tipo_sitio":"1","tipo_ingreso":"2","sello_turistico":"0","estado":"1","foto_principal":"http:\/\/testing.sminnova.com\/portada.png","fecha_registro":"2018-01-01","usuario_creacion":"1","fecha_modificacion":"2018-01-01","usuario_modificacion":"1"},{"id":"46","nombre":"LAS DELICIAS","direccion":"A 9 km. del centro de Trujillo","latitud":"-8.1167523","longitud":"-79.0196156","telefono":"","horario_atencion":"","pagina_web":"","correo":"","facebook":"http:\/\/facebook.com","twitter":"https:\/\/twitter.com\/","instagram":"https:\/\/www.instagram.com\/","historia":"Balneario ubicado en el tradicional distrito de Moche en la Provincia de Trujillo, limita por el sur con la playa de Salaverry y por el norte con Buenos Aires.\r\nLas Delicias cuenta con una poblaci\u00f3n aproximada de 22.996 habitantes, los cuales realizan una fusi\u00f3n de las costumbres locales con las hispanas.\r\nDentro de su cultura viva se puede notar la fuerte presencia de su tambi\u00e9n danza t\u00edpica: La Marinera, su gastronom\u00eda est\u00e1 representada por el famoso Cebiche, Shambar y Sopa Te\u00f3loga, referentes de la comida Trujillana por excelencia, y entre sus festividades religiosas esta la fiesta en honor a los patrones San Pedro y San Pablo, la concurrida fiesta de San Jos\u00e9 con su tradicional Toromach y el Luau.","categoria":"4","tipo_sitio":"1","tipo_ingreso":"2","sello_turistico":"0","estado":"1","foto_principal":"http:\/\/testing.sminnova.com\/portada.png","fecha_registro":"2018-01-01","usuario_creacion":"1","fecha_modificacion":"2018-01-01","usuario_modificacion":"1"},{"id":"47","nombre":"PUERTO SALAVERRY","direccion":"A 14 km. del centro de Trujillo","latitud":"-8.1167523","longitud":"-79.0196156","telefono":"","horario_atencion":"","pagina_web":"","correo":"","facebook":"http:\/\/facebook.com","twitter":"https:\/\/twitter.com\/","instagram":"https:\/\/www.instagram.com\/","historia":"Presenta sus playas de arena fina y cuenta con un muelle donde desembarcan los m\u00e1s lujosos cruceros internacionales que visitan la costa norte del Per\u00fa. Como sitio natural alberga especies de fauna como crust\u00e1ceos, aves marinas destacando pel\u00edcanos, piqueros y gaviotas; sus aguas son ricas en especies hidrobiol\u00f3gicas lo que determina las actividades de la pesca industrial y artesanal en el lugar.\r\nLa zona urbana pr\u00f3xima a la playa tambi\u00e9n presenta atractivos con sus casas republicanas t\u00edpicas de la arquitectura portuaria, viejos salaverrynos nos recuerdan que estas casonas fueron construidas de madera, tra\u00eddas de Oreg\u00f3n al estilo tipo oeste norteamericano.","categoria":"4","tipo_sitio":"1","tipo_ingreso":"2","sello_turistico":"0","estado":"1","foto_principal":"http:\/\/testing.sminnova.com\/portada.png","fecha_registro":"2018-01-01","usuario_creacion":"1","fecha_modificacion":"2018-01-01","usuario_modificacion":"1"},{"id":"48","nombre":"PUERTO CHICAMA","direccion":"En la Provincia de Ascope, a aproximadamente 70 km. al norte de la ciudad de Trujillo.","latitud":"-8.1167523","longitud":"-79.0196156","telefono":"","horario_atencion":"","pagina_web":"","correo":"","facebook":"http:\/\/facebook.com","twitter":"https:\/\/twitter.com\/","instagram":"https:\/\/www.instagram.com\/","historia":"Tambi\u00e9n llamado Puerto Malabrigo, es conocida por tener la ola izquierda m\u00e1s larga del mundo, es un puerto que puede ser visitado en cualquier \u00e9poca del a\u00f1o y que se ha convertido en la principal atracci\u00f3n de miles de surfers a nivel nacional e internacional.","categoria":"4","tipo_sitio":"1","tipo_ingreso":"2","sello_turistico":"0","estado":"1","foto_principal":"http:\/\/testing.sminnova.com\/portada.png","fecha_registro":"2018-01-01","usuario_creacion":"1","fecha_modificacion":"2018-01-01","usuario_modificacion":"1"},{"id":"49","nombre":"PUERTO MOR\u00cdN","direccion":"En el distrito y la provincia de Vir\u00fa, a unos 45 km al sur de Trujillo","latitud":"-8.1167523","longitud":"-79.0196156","telefono":"","horario_atencion":"","pagina_web":"","correo":"","facebook":"http:\/\/facebook.com","twitter":"https:\/\/twitter.com\/","instagram":"https:\/\/www.instagram.com\/","historia":"En la d\u00e9cada de 1870 lleg\u00f3 al pa\u00eds el ciudadano franc\u00e9s Charles Marie Morin Dutot, qui\u00e9n realiz\u00f3 junto a los moradores del lugar la construcci\u00f3n de un peque\u00f1o muelle, es por este motivo que el balneario adquiri\u00f3 su nombre actual de Puerto Morin. Posee un maravilloso panorama del desierto, completando el paisaje con la gran s\u00e1bana verde del desierto de Vir\u00fa.\r\nPuerto Mor\u00edn es una lugar propicio para hacer campamentos, caminatas, practicar la pesca, buceo y nataci\u00f3n. Cuenta con atractivas playas como Chica, Cerro Negro y El Carmelo, es de acceso f\u00e1cil y seguro.","categoria":"4","tipo_sitio":"1","tipo_ingreso":"2","sello_turistico":"0","estado":"1","foto_principal":"http:\/\/testing.sminnova.com\/portada.png","fecha_registro":"2018-01-01","usuario_creacion":"1","fecha_modificacion":"2018-01-01","usuario_modificacion":"1"},{"id":"50","nombre":"PLAZA MAYOR","direccion":"Intersecciones de los jirones Almagro, Pizarro, Orbegoso e Independencia, Centro Hist\u00f3rico de Trujillo","latitud":"-8.1167523","longitud":"-79.0196156","telefono":"","horario_atencion":"","pagina_web":"","correo":"","facebook":"http:\/\/facebook.com","twitter":"https:\/\/twitter.com\/","instagram":"https:\/\/www.instagram.com\/","historia":"escenario hist\u00f3rico donde se inici\u00f3 el trazado de la ciudad por encargo del fundador Diego de Almagro en 1534.\r\nAl centro de la Plaza apreciamos el Monumento a La Libertad, el cual fue esculpido por Edmundo M\u00fcller y tra\u00eddo desde Alemania por v\u00eda mar\u00edtima. Este monumento fue colocado en medio de la plaza para conmemorar los 100 a\u00f1os de libertad del pueblo trujillano y fue inaugurado el 04 de julio de 1929, actuando como padrinos Augusto B. Legu\u00eda, Presidente de la Rep\u00fablica, y su hija Carmen Rosa Legu\u00eda Swayne.\r\nEl monumento consta de tres cuerpos: En el primer cuerpo se aprecian estatuas que simbolizan temas como el arte, el comercio, la agricultura y la ciencia; en el segundo cuerpo representa las fases de emancipaci\u00f3n de la ciudad: la esclavitud, la acci\u00f3n y la liberaci\u00f3n; y finalmente en el tercer cuerpo se encuentra la imagen de un hombre parado sobre el globo terr\u00e1queo llevando una antorcha que simboliza la libertad.","categoria":"5","tipo_sitio":"1","tipo_ingreso":"2","sello_turistico":"0","estado":"1","foto_principal":"http:\/\/testing.sminnova.com\/portada.png","fecha_registro":"2018-01-01","usuario_creacion":"1","fecha_modificacion":"2018-01-01","usuario_modificacion":"1"},{"id":"51","nombre":"PLAZUELA EL RECREO","direccion":"Al final del paseo peatonal Pizarro, Centro Hist\u00f3rico de Trujillo","latitud":"-8.1167523","longitud":"-79.0196156","telefono":"","horario_atencion":"","pagina_web":"","correo":"","facebook":"http:\/\/facebook.com","twitter":"https:\/\/twitter.com\/","instagram":"https:\/\/www.instagram.com\/","historia":"Su historia se remonta a la \u00e9poca cuando Trujillo se abastec\u00eda de las aguas del r\u00edo Moche, la misma que lleg\u00f3 a trav\u00e9s de una acequia pre-hisp\u00e1nica hasta la antigua atarjea que estuvo ubicada fuera de Trujillo Monumental.\r\nEn el S. XVII la Caja de Agua fue construida en el espacio que ahora ocupa esta Plazuela, con la finalidad que dicho reservorio quede dentro del per\u00edmetro de la Muralla Militar.\r\nEn 1929 la pileta que adornaba la Plaza Mayor se traslada hasta este lugar para que d\u00e9 paso al actual Monumento de la Libertad.\r\nEsta hermosa pileta fue hecha con m\u00e1rmol de Carabamba y cuenta adem\u00e1s con 04 estatuas que representan las estaciones del a\u00f1o. \r\nEn 1986, el alcalde Sr. Luis Santa Mar\u00eda Calder\u00f3n autoriz\u00f3 a los arque\u00f3logos para que descubran la importante obra hidr\u00e1ulica, que ha sido restaurada y que hoy se muestra como un importante testimonio documental del Patrimonio de la Ciudad. Es un lugar rom\u00e1ntico, con rincones especiales que invitan a desarrollarse diversas actividades culturales y art\u00edsticas.","categoria":"5","tipo_sitio":"1","tipo_ingreso":"2","sello_turistico":"0","estado":"1","foto_principal":"http:\/\/testing.sminnova.com\/portada.png","fecha_registro":"2018-01-01","usuario_creacion":"1","fecha_modificacion":"2018-01-01","usuario_modificacion":"1"},{"id":"52","nombre":"BALUARTE HERRERA","direccion":"Altura de la cuadra 11 de la Av. Espa\u00f1a","latitud":"-8.1167523","longitud":"-79.0196156","telefono":"","horario_atencion":"Solicitar permiso a la Gerencia de Patrimonio Monumental - MPT","pagina_web":"","correo":"","facebook":"http:\/\/facebook.com","twitter":"https:\/\/twitter.com\/","instagram":"https:\/\/www.instagram.com\/","historia":"Vestigio de la antigua e hist\u00f3rica muralla militar que rodeaba el centro de Trujillo, fue edificada a fines del siglo XVII con el fin de proteger la ciudad de la amenaza de piratas y corsarios que navegaban por sus costas.\r\nEl responsable de dise\u00f1ar y edificar los planos de fortificaci\u00f3n de la Muralla fue el ingeniero italiano Joseph Formento, en el a\u00f1o de 1687; durante el gobierno del virrey Melchor de Navarra y Rocafull bajo la alcald\u00eda de Bartolom\u00e9 Mart\u00ednez de Jarabeitia y Fernando Ram\u00edrez de Orellana.\r\nLa muralla fue concebida de forma el\u00edptica para ahorrar costos en su construcci\u00f3n, empleando en su edificaci\u00f3n mano de obra ind\u00edgena de los pueblos de Santa Luc\u00eda de Moche, Santiago de Huam\u00e1n, San Salvador de Mansiche y San Esteban de Manpuesto, as\u00ed mismo, mano de obra de esclavatura negra.\r\nSu per\u00edmetro fue de 5 367 mts. de longitud, tuvo muros de 2.59 mts. de espesor y 3.36 mts. de altura, con 15 baluartes y 5 puertas de acceso. Los baluartes de la desaparecida muralla de Trujillo, llevaron los nombres de las personas que colaboraron econ\u00f3micamente a su construcci\u00f3n.\r\nActualmente, de esta muralla solo existen dos baluartes, de los cuales solo se conoce el nombre de uno de ellos, que es el de don Juan Herrera y Valverde. Ambos baluartes conservan sus medidas originales y han sido construidas a base de adobes.","categoria":"5","tipo_sitio":"1","tipo_ingreso":"2","sello_turistico":"0","estado":"1","foto_principal":"http:\/\/testing.sminnova.com\/portada.png","fecha_registro":"2018-01-01","usuario_creacion":"1","fecha_modificacion":"2018-01-01","usuario_modificacion":"1"},{"id":"53","nombre":"JARD\u00cdN BOT\u00c1NICO DE TRUJILLO","direccion":"Av. Am\u00e9rica Sur N\u00b0 3867","latitud":"-8.1167523","longitud":"-79.0196156","telefono":"044-201200 Anex","horario_atencion":"Lunes a s\u00e1bados de 7:00 a.m. a 6:00 p.m. \/ Domingos y feriados de 9:00 a.m. a 4:00 p.m.","pagina_web":"","correo":"mensajes@segat.gob.pe","facebook":"http:\/\/facebook.com","twitter":"https:\/\/twitter.com\/","instagram":"https:\/\/www.instagram.com\/","historia":"Este reciento ecol\u00f3gico es considerado el mayor pulm\u00f3n verde de la Ciudad de Trujillo. En su interior se pueden observar plantas de la costa, sierra y selva de nuestro pa\u00eds; as\u00ed como diversos tipos de animales.\r\nTambi\u00e9n se puede realizar diversas actividades, tales como: actividades l\u00fadicas, de relajaci\u00f3n, charlas ecol\u00f3gicas, entre otras. Es administrado por la Municipalidad Provincial de Trujillo.","categoria":"5","tipo_sitio":"1","tipo_ingreso":"2","sello_turistico":"0","estado":"1","foto_principal":"http:\/\/testing.sminnova.com\/portada.png","fecha_registro":"2018-01-01","usuario_creacion":"1","fecha_modificacion":"2018-01-01","usuario_modificacion":"1"}]